{"parameters/graph_2fc1.weight": {"_type": "histogram", "values": [1.0, 1.0, 0.0, 0.0, 0.0, 1.0, 3.0, 3.0, 2.0, 1.0, 2.0, 3.0, 6.0, 14.0, 10.0, 16.0, 27.0, 29.0, 49.0, 71.0, 67.0, 138.0, 126.0, 129.0, 151.0, 161.0, 197.0, 162.0, 183.0, 189.0, 164.0, 144.0, 151.0, 166.0, 157.0, 194.0, 172.0, 156.0, 152.0, 190.0, 158.0, 147.0, 209.0, 169.0, 144.0, 175.0, 162.0, 131.0, 120.0, 98.0, 90.0, 57.0, 27.0, 33.0, 26.0, 11.0, 7.0, 10.0, 7.0, 8.0, 2.0, 3.0, 1.0, 1.0], "bins": [-0.2607783079147339, -0.2535134553909302, -0.24624857306480408, -0.23898372054100037, -0.23171885311603546, -0.22445398569107056, -0.21718911826610565, -0.20992425084114075, -0.20265939831733704, -0.19539453089237213, -0.18812966346740723, -0.18086481094360352, -0.1735999435186386, -0.1663350760936737, -0.1590702086687088, -0.1518053412437439, -0.144540473818779, -0.1372756063938141, -0.13001073896884918, -0.12274587899446487, -0.11548101902008057, -0.10821615159511566, -0.10095128417015076, -0.09368641674518585, -0.08642154932022095, -0.07915668189525604, -0.07189182192087173, -0.06462695449590683, -0.057362090796232224, -0.05009722709655762, -0.04283235967159271, -0.035567495971918106, -0.028302624821662903, -0.021037761121988297, -0.013772895559668541, -0.006508029997348785, 0.0007568337023258209, 0.008021697402000427, 0.015286564826965332, 0.02255142852663994, 0.029816284775733948, 0.037081148475408554, 0.04434601217508316, 0.051610879600048065, 0.05887574329972267, 0.06614060699939728, 0.07340547442436218, 0.08067034184932709, 0.08793520927429199, 0.0952000766992569, 0.1024649366736412, 0.10972980409860611, 0.11699466407299042, 0.12425953149795532, 0.13152439892292023, 0.13878926634788513, 0.14605411887168884, 0.15331898629665375, 0.16058385372161865, 0.16784870624542236, 0.17511357367038727, 0.18237844109535217, 0.18964330852031708, 0.19690817594528198, 0.2041730433702469]}, "_timestamp": 1652330825, "_runtime": 13, "parameters/graph_2fc1.bias": {"_type": "histogram", "values": [1.0, 0.0, 0.0, 0.0, 2.0, 1.0, 2.0, 0.0, 1.0, 0.0, 1.0, 3.0, 2.0, 0.0, 2.0, 0.0, 1.0, 0.0, 3.0, 1.0, 1.0, 1.0, 1.0, 2.0, 1.0, 2.0, 0.0, 1.0, 2.0, 0.0, 0.0, 2.0, 0.0, 3.0, 0.0, 3.0, 3.0, 1.0, 2.0, 2.0, 0.0, 2.0, 1.0, 1.0, 4.0, 1.0, 0.0, 1.0, 0.0, 0.0, 0.0, 0.0, 0.0, 0.0, 1.0, 0.0, 1.0, 0.0, 1.0, 0.0, 0.0, 1.0, 0.0, 3.0], "bins": [-0.12670555710792542, -0.12306704372167587, -0.11942853033542633, -0.11579001694917679, -0.11215150356292725, -0.1085129827260971, -0.10487446933984756, -0.10123595595359802, -0.09759744256734848, -0.09395892918109894, -0.0903204157948494, -0.08668190240859985, -0.08304338157176971, -0.07940487563610077, -0.07576635479927063, -0.07212784141302109, -0.06848932802677155, -0.064850814640522, -0.06121230125427246, -0.05757378414273262, -0.05393527075648308, -0.050296757370233536, -0.046658240258693695, -0.04301972687244415, -0.03938121348619461, -0.03574270009994507, -0.032104186713695526, -0.028465669602155685, -0.024827156215906143, -0.0211886428296566, -0.01755012758076191, -0.013911612331867218, -0.010273091495037079, -0.006634577177464962, -0.002996062859892845, 0.0006424514576792717, 0.0042809657752513885, 0.00791947916150093, 0.011557994410395622, 0.015196509659290314, 0.018835023045539856, 0.022473536431789398, 0.02611205168068409, 0.02975056692957878, 0.03338908031582832, 0.037027593702077866, 0.040666110813617706, 0.04430462419986725, 0.04794313758611679, 0.05158165097236633, 0.055220164358615875, 0.058858681470155716, 0.06249719485640526, 0.0661357045173645, 0.06977422535419464, 0.07341273874044418, 0.07705125212669373, 0.08068976551294327, 0.08432827889919281, 0.08796679228544235, 0.0916053056716919, 0.09524382650852203, 0.09888233989477158, 0.10252085328102112, 0.10615936666727066]}, "parameters/graph_2fc2.weight": {"_type": "histogram", "values": [2.0, 0.0, 1.0, 1.0, 1.0, 2.0, 4.0, 7.0, 17.0, 12.0, 12.0, 16.0, 17.0, 37.0, 34.0, 46.0, 36.0, 39.0, 54.0, 42.0, 40.0, 39.0, 39.0, 49.0, 49.0, 36.0, 50.0, 57.0, 45.0, 43.0, 47.0, 51.0, 46.0, 32.0, 48.0, 50.0, 52.0, 37.0, 53.0, 52.0, 42.0, 47.0, 49.0, 41.0, 30.0, 49.0, 42.0, 46.0, 48.0, 51.0, 43.0, 41.0, 35.0, 48.0, 29.0, 30.0, 24.0, 33.0, 15.0, 2.0, 4.0, 0.0, 2.0, 2.0], "bins": [-0.1922757476568222, -0.18687772750854492, -0.18147970736026764, -0.17608168721199036, -0.17068366706371307, -0.1652856469154358, -0.1598876416683197, -0.15448960661888123, -0.14909160137176514, -0.14369358122348785, -0.13829556107521057, -0.1328975409269333, -0.127499520778656, -0.12210150063037872, -0.11670348793268204, -0.11130546778440475, -0.10590744018554688, -0.10050942003726959, -0.09511139988899231, -0.08971337974071503, -0.08431535959243774, -0.07891733944416046, -0.07351932674646378, -0.06812130659818649, -0.06272329390048981, -0.057325273752212524, -0.05192725360393524, -0.04652923718094826, -0.041131217032670975, -0.03573319688439369, -0.030335180461406708, -0.024937160313129425, -0.01953911781311035, -0.014141098596155643, -0.008743079379200935, -0.003345061093568802, 0.002052959054708481, 0.0074509792029857635, 0.012848995625972748, 0.01824701577425003, 0.02364504337310791, 0.029043063521385193, 0.034441083669662476, 0.03983910009264946, 0.04523712024092674, 0.050635140389204025, 0.05603315681219101, 0.06143117696046829, 0.06682918965816498, 0.07222720980644226, 0.07762522995471954, 0.08302325010299683, 0.08842127025127411, 0.09381929039955139, 0.09921730309724808, 0.10461532324552536, 0.11001334339380264, 0.11541136354207993, 0.12080938369035721, 0.1262073963880539, 0.13160541653633118, 0.13700343668460846, 0.14240145683288574, 0.14779947698116302, 0.1531974971294403]}, "parameters/graph_2fc2.bias": {"_type": "histogram", "values": [1.0, 1.0, 1.0, 1.0, 0.0, 0.0, 0.0, 0.0, 0.0, 0.0, 0.0, 1.0, 0.0, 1.0, 0.0, 0.0, 0.0, 2.0, 0.0, 1.0, 0.0, 0.0, 1.0, 0.0, 0.0, 1.0, 0.0, 1.0, 1.0, 0.0, 0.0, 1.0, 0.0, 0.0, 1.0, 0.0, 1.0, 1.0, 2.0, 0.0, 0.0, 0.0, 1.0, 2.0, 1.0, 1.0, 0.0, 1.0, 0.0, 0.0, 0.0, 2.0, 1.0, 1.0, 0.0, 1.0, 0.0, 0.0, 0.0, 0.0, 0.0, 1.0, 0.0, 1.0], "bins": [-0.1331811249256134, -0.12925228476524353, -0.12532342970371246, -0.121394582092762, -0.11746573448181152, -0.11353688687086105, -0.10960803925991058, -0.10567919164896011, -0.10175034403800964, -0.09782149642705917, -0.0938926488161087, -0.08996380120515823, -0.08603495359420776, -0.0821061059832573, -0.07817725837230682, -0.07424841076135635, -0.07031956315040588, -0.06639071553945541, -0.062461867928504944, -0.058533020317554474, -0.054604172706604004, -0.050675325095653534, -0.046746477484703064, -0.042817629873752594, -0.038888782262802124, -0.034959934651851654, -0.031031087040901184, -0.027102239429950714, -0.023173391819000244, -0.019244544208049774, -0.015315696597099304, -0.011386848986148834, -0.00745798647403717, -0.0035291388630867004, 0.00039970874786376953, 0.0043285563588142395, 0.00825740396976471, 0.01218625158071518, 0.01611509919166565, 0.02004394680261612, 0.02397279441356659, 0.02790164202451706, 0.03183048963546753, 0.035759337246418, 0.03968818485736847, 0.04361703246831894, 0.04754588007926941, 0.05147472769021988, 0.05540357530117035, 0.05933242291212082, 0.06326127052307129, 0.06719011813402176, 0.07111896574497223, 0.0750478133559227, 0.07897666096687317, 0.08290550857782364, 0.08683435618877411, 0.09076320379972458, 0.09469205141067505, 0.09862089902162552, 0.10254974663257599, 0.10647859424352646, 0.11040744185447693, 0.1143362894654274, 0.11826513707637787]}, "parameters/graph_2fc3.weight": {"_type": "histogram", "values": [1.0, 0.0, 0.0, 0.0, 0.0, 1.0, 1.0, 1.0, 0.0, 2.0, 2.0, 2.0, 2.0, 3.0, 5.0, 6.0, 3.0, 3.0, 7.0, 3.0, 5.0, 5.0, 8.0, 5.0, 6.0, 2.0, 7.0, 7.0, 5.0, 6.0, 3.0, 7.0, 5.0, 1.0, 6.0, 6.0, 10.0, 3.0, 4.0, 5.0, 4.0, 1.0, 10.0, 5.0, 11.0, 3.0, 5.0, 2.0, 4.0, 9.0, 9.0, 2.0, 4.0, 7.0, 4.0, 9.0, 4.0, 1.0, 5.0, 2.0, 1.0, 4.0, 1.0, 1.0],