{"parameters/graph_3fc1.weight": {"_type": "histogram", "values": [5.0, 10.0, 11.0, 18.0, 15.0, 39.0, 48.0, 54.0, 68.0, 56.0, 92.0, 92.0, 98.0, 109.0, 104.0, 129.0, 117.0, 141.0, 146.0, 140.0, 141.0, 142.0, 127.0, 147.0, 117.0, 147.0, 149.0, 128.0, 121.0, 162.0, 123.0, 126.0, 130.0, 126.0, 157.0, 155.0, 128.0, 139.0, 166.0, 131.0, 143.0, 113.0, 107.0, 72.0, 100.0, 77.0, 75.0, 52.0, 44.0, 30.0, 24.0, 29.0, 16.0, 10.0, 12.0, 6.0, 9.0, 2.0, 1.0, 2.0, 1.0, 2.0, 2.0, 1.0], "bins": [-0.16928152740001678, -0.1633109301328659, -0.15734034776687622, -0.15136975049972534, -0.14539915323257446, -0.13942855596542358, -0.1334579735994339, -0.12748737633228302, -0.12151678651571274, -0.11554619669914246, -0.10957559943199158, -0.1036050096154213, -0.09763441979885101, -0.09166382253170013, -0.08569323271512985, -0.07972264289855957, -0.07375204563140869, -0.06778145581483841, -0.06181085854768753, -0.05584026873111725, -0.04986967518925667, -0.04389908164739609, -0.037928491830825806, -0.031957898288965225, -0.02598731219768524, -0.02001671865582466, -0.01404612697660923, -0.008075535297393799, -0.0021049417555332184, 0.003865651786327362, 0.009836241602897644, 0.015806835144758224, 0.021777436137199402, 0.027748029679059982, 0.03371862322092056, 0.039689213037490845, 0.045659806579351425, 0.051630400121212006, 0.05760098993778229, 0.06357158720493317, 0.06954218447208405, 0.07551277428865433, 0.0814833715558052, 0.08745396137237549, 0.09342455863952637, 0.09939514845609665, 0.10536573827266693, 0.11133633553981781, 0.1173069179058075, 0.12327750772237778, 0.12924809753894806, 0.13521869480609894, 0.14118929207324982, 0.1471598744392395, 0.15313047170639038, 0.15910106897354126, 0.16507166624069214, 0.17104226350784302, 0.1770128458738327, 0.18298344314098358, 0.18895404040813446, 0.19492462277412415, 0.20089522004127502, 0.2068658173084259, 0.2128363996744156]}, "_timestamp": 1652341812, "_runtime": 18, "parameters/graph_3fc1.bias": {"_type": "histogram", "values": [1.0, 1.0, 0.0, 0.0, 1.0, 1.0, 0.0, 2.0, 1.0, 1.0, 1.0, 2.0, 2.0, 2.0, 2.0, 0.0, 1.0, 0.0, 0.0, 0.0, 0.0, 1.0, 1.0, 2.0, 1.0, 2.0, 0.0, 0.0, 3.0, 0.0, 2.0, 0.0, 1.0, 3.0, 2.0, 0.0, 3.0, 0.0, 2.0, 2.0, 1.0, 1.0, 0.0, 2.0, 2.0, 3.0, 0.0, 3.0, 1.0, 1.0, 3.0, 1.0, 1.0, 0.0, 1.0, 0.0, 0.0, 0.0, 0.0, 0.0, 0.0, 0.0, 0.0, 1.0], "bins": [-0.13504630327224731, -0.1306479573249817, -0.12624961137771606, -0.12185127288103104, -0.11745293438434601, -0.11305458843708038, -0.10865624248981476, -0.10425789654254913, -0.0998595580458641, -0.09546121209859848, -0.09106287360191345, -0.08666452765464783, -0.0822661817073822, -0.07786784321069717, -0.07346949726343155, -0.06907115876674652, -0.0646728128194809, -0.06027447059750557, -0.05587612837553024, -0.05147778242826462, -0.04707944020628929, -0.042681097984313965, -0.03828275203704834, -0.03388440981507301, -0.029486067593097687, -0.02508772537112236, -0.020689381286501884, -0.01629103720188141, -0.011892694979906082, -0.007494352757930756, -0.00309600867331028, 0.001302335411310196, 0.0057006776332855225, 0.010099020786583424, 0.014497363939881325, 0.0188957080245018, 0.023294050246477127, 0.027692392468452454, 0.03209073841571808, 0.036489080637693405, 0.04088742285966873, 0.04528576508164406, 0.049684107303619385, 0.05408245325088501, 0.058480795472860336, 0.06287913769483566, 0.06727748364210129, 0.07167582213878632, 0.07607416808605194, 0.08047251403331757, 0.0848708525300026, 0.08926919847726822, 0.09366753697395325, 0.09806588292121887, 0.1024642288684845, 0.10686257481575012, 0.11126091331243515, 0.11565925925970078, 0.1200575977563858, 0.12445594370365143, 0.12885428965091705, 0.13325262069702148, 0.1376509666442871, 0.14204931259155273, 0.14644765853881836]}, "parameters/graph_3fc2.weight": {"_type": "histogram", "values": [2.0, 1.0, 0.0, 0.0, 0.0, 2.0, 0.0, 12.0, 14.0, 13.0, 22.0, 20.0, 27.0, 39.0, 49.0, 31.0, 44.0, 43.0, 42.0, 43.0, 43.0, 38.0, 49.0, 42.0, 44.0, 43.0, 47.0, 52.0, 45.0, 56.0, 35.0, 41.0, 45.0, 42.0, 43.0, 43.0, 42.0, 56.0, 36.0, 34.0, 52.0, 43.0, 53.0, 38.0, 45.0, 44.0, 48.0, 40.0, 48.0, 39.0, 31.0, 54.0, 42.0, 47.0, 28.0, 26.0, 27.0, 14.0, 19.0, 20.0, 6.0, 1.0, 2.0, 1.0], "bins": [-0.19159305095672607, -0.18632328510284424, -0.1810535192489624, -0.17578375339508057, -0.17051400244235992, -0.1652442365884781, -0.15997447073459625, -0.15470470488071442, -0.14943495392799377, -0.14416518807411194, -0.1388954222202301, -0.13362565636634827, -0.12835590541362762, -0.12308613955974579, -0.11781637370586395, -0.11254660785198212, -0.10727684199810028, -0.10200707614421844, -0.0967373177409172, -0.09146755188703537, -0.08619779348373413, -0.0809280276298523, -0.07565826177597046, -0.07038849592208862, -0.06511873006820679, -0.05984896793961525, -0.05457920581102371, -0.049309439957141876, -0.04403967782855034, -0.0387699156999588, -0.033500149846076965, -0.028230387717485428, -0.022960633039474487, -0.01769087091088295, -0.012421106919646263, -0.007151342928409576, -0.001881580799818039, 0.0033881813287734985, 0.008657947182655334, 0.013927709311246872, 0.019197463989257812, 0.02446722611784935, 0.029736990109086037, 0.03500675410032272, 0.04027651622891426, 0.0455462783575058, 0.050816044211387634, 0.05608580633997917, 0.061355575919151306, 0.06662534177303314, 0.07189510017633438, 0.07716486603021622, 0.08243462443351746, 0.08770439028739929, 0.09297415614128113, 0.09824392199516296, 0.1035136803984642, 0.10878344625234604, 0.11405320465564728, 0.11932297050952911, 0.12459273636341095, 0.1298624873161316, 0.13513225317001343, 0.14040201902389526, 0.1456717848777771]}, "parameters/graph_3fc2.bias": {"_type": "histogram", "values": [1.0, 0.0, 0.0, 2.0, 1.0, 0.0, 0.0, 0.0, 0.0, 0.0, 2.0, 0.0, 0.0, 0.0, 0.0, 0.0, 1.0, 2.0, 0.0, 0.0, 0.0, 1.0, 0.0, 1.0, 1.0, 1.0, 0.0, 1.0, 0.0, 0.0, 1.0, 1.0, 2.0, 0.0, 2.0, 2.0, 0.0, 0.0, 0.0, 0.0, 0.0, 0.0, 0.0, 1.0, 0.0, 1.0, 0.0, 1.0, 1.0, 0.0, 0.0, 1.0, 1.0, 0.0, 1.0, 0.0, 0.0, 1.0, 0.0, 1.0, 0.0, 0.0, 0.0, 1.0], "bins": [-0.1371813267469406, -0.1334373652935028, -0.129693403840065, -0.125949427485466, -0.1222054660320282, -0.1184615045785904, -0.11471754312515259, -0.11097357422113419, -0.10722961276769638, -0.10348565131425858, -0.09974168241024017, -0.09599772095680237, -0.09225375205278397, -0.08850979059934616, -0.08476582169532776, -0.08102186024188995, -0.07727789878845215, -0.07353393733501434, -0.06978996843099594, -0.06604600697755814, -0.06230204179883003, -0.05855807662010193, -0.054814111441373825, -0.05107014626264572, -0.04732617735862732, -0.043582212179899216, -0.03983824700117111, -0.03609428554773331, -0.0323503203690052, -0.0286063551902771, -0.024862390011548996, -0.02111842669546604, -0.017374463379383087, -0.013630499131977558, -0.009886534884572029, -0.0061425697058439255, -0.0023986054584383965, 0.0013453587889671326, 0.005089323967695236, 0.00883328728377819, 0.012577250599861145, 0.01632121577858925, 0.020065179094672203, 0.023809144273400307, 0.02755310758948326, 0.031297072768211365, 0.03504103794693947, 0.03878500312566757, 0.042528968304395676, 0.04627293348312378, 0.05001689866185188, 0.05376086384057999, 0.05750482529401779, 0.061248790472745895, 0.064992755651474, 0.0687367171049118, 0.0724806860089302, 0.07622464746236801, 0.07996861636638641, 0.08371257781982422, 0.08745654672384262, 0.09120050817728043, 0.09494447708129883, 0.09868843853473663, 0.10243239998817444]}, "parameters/graph_3fc3.weight": {"_type": "histogram", "values": [1.0, 0.0, 0.0, 1.0, 1.0, 2.0, 2.0, 5.0, 2.0, 7.0, 8.0, 4.0, 9.0, 4.0, 7.0, 4.0, 3.0, 3.0, 10.0, 6.0, 6.0, 4.0, 5.0, 6.0, 5.0, 2.0, 4.0, 6.0, 3.0, 5.0, 5.0, 3.0, 3.0, 4.0, 5.0, 3.0, 4.0, 2.0, 5.0, 8.0, 4.0, 4.0, 4.0, 3.0, 6.0, 6.0, 7.0, 3.0, 6.0, 4.0, 5.0, 6.0, 8.0, 7.0, 1.0, 3.0, 4.0, 4.0, 1.0, 1.0, 0.0, 1.0, 0.0, 1.0],